fecha,alcance,views,profile_views,followers,interactions,link_clicks
2024-01-01,0,0,0,0,0,0
2024-01-02,0,0,0,0,0,0
2024-01-03,0,0,0,0,0,0
2024-01-04,0,0,0,0,0,0
2024-01-05,0,0,0,0,0,0
2024-01-06,0,0,0,0,0,0
2024-01-07,0,0,0,0,0,0
2024-01-08,0,0,0,0,0,0
2024-01-09,0,0,0,0,0,0
2024-01-10,0,0,0,0,0,0
2024-01-11,0,0,0,0,0,0
2024-01-12,0,0,0,0,0,0
2024-01-13,0,0,0,0,0,0
2024-01-14,0,0,0,0,0,0
2024-01-15,0,0,0,0,0,0
2024-01-16,0,0,0,0,0,0
2024-01-17,0,0,0,0,0,0
2024-01-18,0,0,0,0,0,0
2024-01-19,0,0,0,0,0,0
2024-01-20,0,0,0,0,0,0
2024-01-21,0,0,0,0,0,0
2024-01-22,0,0,0,0,0,0
2024-01-23,0,0,0,0,0,0
2024-01-24,0,0,0,0,0,0
2024-01-25,0,0,0,0,0,0
2024-01-26,0,0,0,0,0,0
2024-01-27,0,0,0,0,0,0
2024-01-28,0,0,0,0,0,0
2024-01-29,0,0,0,0,0,0
2024-01-30,0,0,0,0,0,0
2024-01-31,0,0,0,0,0,0
2024-02-01,0,0,0,0,0,0
2024-02-02,0,0,0,0,0,0
2024-02-03,0,0,0,0,0,0
2024-02-04,0,0,0,0,0,0
2024-02-05,0,0,0,0,0,0
2024-02-06,0,0,0,0,0,0
2024-02-07,0,0,0,0,0,0
2024-02-08,0,0,0,0,0,0
2024-02-09,0,0,0,0,0,0
2024-02-10,0,0,0,0,0,0
2024-02-11,0,0,0,0,0,0
2024-02-12,0,0,0,0,0,0
2024-02-13,0,0,0,0,0,0
2024-02-14,0,0,0,0,0,0
2024-02-15,0,0,0,0,0,0
2024-02-16,0,0,0,0,0,0
2024-02-17,0,0,0,0,0,0
2024-02-18,0,0,0,0,0,0
2024-02-19,0,0,0,0,0,0
2024-02-20,0,0,0,0,0,0
2024-02-21,0,0,0,0,0,0
2024-02-22,0,0,0,0,0,0
2024-02-23,0,0,0,0,0,0
2024-02-24,0,0,0,0,0,0
2024-02-25,0,0,0,0,0,0
2024-02-26,273,0,18,0,0,0
2024-02-27,72,0,6,0,0,0
2024-02-28,1410,0,62,0,0,14
2024-02-29,3834,0,71,0,0,41
2024-03-01,125,0,11,0,0,0
2024-03-02,116,0,11,0,0,0
2024-03-03,37,0,13,0,0,0
2024-03-04,20,0,15,0,0,0
2024-03-05,16,0,9,0,0,0
2024-03-06,59,0,72,0,0,0
2024-03-07,531,0,38,0,0,0
2024-03-08,32,0,12,0,0,0
2024-03-09,4,0,11,0,0,0
2024-03-10,9,0,14,0,0,0
2024-03-11,14,0,23,0,0,0
2024-03-12,12,0,17,0,0,0
2024-03-13,7,0,13,0,0,0
2024-03-14,7,0,11,0,0,0
2024-03-15,6,0,9,0,0,0
2024-03-16,5,0,17,0,0,0
2024-03-17,79,0,8,0,0,0
2024-03-18,9,0,17,0,0,0
2024-03-19,3,0,11,0,0,0
2024-03-20,751,0,42,0,0,0
2024-03-21,39,0,13,0,0,0
2024-03-22,7,0,13,0,0,0
2024-03-23,5,0,15,0,0,0
2024-03-24,7,0,17,0,0,0
2024-03-25,11,0,16,0,0,0
2024-03-26,7,0,12,0,0,0
2024-03-27,18,0,25,0,0,0
2024-03-28,6,0,12,0,0,0
2024-03-29,4,0,14,0,0,0
2024-03-30,7,0,16,0,0,0
2024-03-31,5,0,10,0,0,0
2024-04-01,7,0,21,0,0,0
2024-04-02,9,0,28,0,0,0
2024-04-03,6,0,18,0,0,0
2024-04-04,6,0,11,0,0,0
2024-04-05,5,0,11,0,0,0
2024-04-06,1,0,11,0,0,0
2024-04-07,6,0,9,0,0,0
2024-04-08,7,0,15,0,0,0
2024-04-09,4,0,8,0,0,0
2024-04-10,6,0,11,0,0,0
2024-04-11,5,0,10,0,0,0
2024-04-12,539,0,83,0,0,0
2024-04-13,128,0,19,0,0,0
2024-04-14,551,0,73,0,0,0
2024-04-15,291,0,42,0,0,0
2024-04-16,6,0,13,0,0,0
2024-04-17,2,0,7,0,0,0
2024-04-18,4,0,13,0,0,0
2024-04-19,7,0,11,0,0,0
2024-04-20,1,0,7,0,0,0
2024-04-21,76,0,17,0,0,0
2024-04-22,909,0,51,0,0,0
2024-04-23,987,0,61,0,0,0
2024-04-24,473,0,47,0,0,0
2024-04-25,756,0,40,0,0,0
2024-04-26,441,0,20,0,0,0
2024-04-27,96,0,15,0,0,0
2024-04-28,503,0,57,0,0,0
2024-04-29,1209,0,105,0,0,0
2024-04-30,675,0,36,0,0,0
2024-05-01,163,0,23,0,0,0
2024-05-02,634,0,57,0,0,0
2024-05-03,638,0,35,0,0,0
2024-05-04,290,0,25,0,0,0
2024-05-05,44,0,25,0,0,0
2024-05-06,28,0,33,0,0,0
2024-05-07,428,0,35,0,0,0
2024-05-08,803,0,56,0,0,0
2024-05-09,205,0,33,0,0,0
2024-05-10,372,0,23,0,0,0
2024-05-11,144,0,12,0,0,0
2024-05-12,26,0,22,0,0,0
2024-05-13,751,0,48,0,0,0
2024-05-14,179,0,28,0,0,0
2024-05-15,1597,0,63,0,0,0
2024-05-16,1001,0,155,0,0,0
2024-05-17,1686,0,167,0,0,0
2024-05-18,645,0,72,0,0,0
2024-05-19,1615,0,72,0,0,0
2024-05-20,183,0,45,0,0,0
2024-05-21,160,0,50,0,0,0
2024-05-22,127,0,27,0,0,0
2024-05-23,743,0,93,0,0,0
2024-05-24,387,0,35,0,0,0
2024-05-25,110,0,18,0,0,0
2024-05-26,40,0,15,0,0,0
2024-05-27,693,0,64,0,0,0
2024-05-28,284,0,38,0,0,0
2024-05-29,733,0,72,0,0,0
2024-05-30,429,0,30,0,0,0
2024-05-31,7697,0,80,0,0,0
2024-06-01,690,0,40,0,0,0
2024-06-02,795,0,47,0,0,0
2024-06-03,167,0,26,0,0,0
2024-06-04,38,0,20,0,0,0
2024-06-05,322,0,41,0,0,0
2024-06-06,819,0,113,0,0,0
2024-06-07,613,0,36,0,0,0
2024-06-08,527,0,32,0,0,0
2024-06-09,257,0,32,0,0,0
2024-06-10,335,0,32,0,0,0
2024-06-11,384,0,54,0,0,0
2024-06-12,22,0,24,0,0,0
2024-06-13,27,0,18,0,0,0
2024-06-14,16,0,16,0,0,0
2024-06-15,649,0,88,0,0,0
2024-06-16,469,0,190,0,0,0
2024-06-17,480,0,31,0,0,0
2024-06-18,157,0,14,0,0,0
2024-06-19,15,0,18,0,0,0
2024-06-20,6,0,8,0,0,0
2024-06-21,8,0,13,0,0,0
2024-06-22,431,0,30,0,0,0
2024-06-23,335,0,42,0,0,0
2024-06-24,373,0,21,0,0,0
2024-06-25,7,0,15,0,0,0
2024-06-26,418,0,16,0,0,0
2024-06-27,350,0,21,0,0,0
2024-06-28,300,0,29,0,0,0
2024-06-29,478,0,75,0,0,0
2024-06-30,441,0,40,0,0,0
2024-07-01,531,0,50,0,0,0
2024-07-02,398,0,36,0,0,0
2024-07-03,492,0,41,0,0,0
2024-07-04,168,0,14,0,0,0
2024-07-05,349,0,42,0,0,0
2024-07-06,525,0,57,0,0,0
2024-07-07,184,0,33,0,0,0
2024-07-08,180,0,38,0,0,0
2024-07-09,630,0,62,0,0,0
2024-07-10,227,0,35,0,0,0
2024-07-11,168,0,35,0,0,0
2024-07-12,67,0,32,0,0,0
2024-07-13,247,0,76,0,0,0
2024-07-14,490,0,129,0,0,0
2024-07-15,144,0,46,0,0,0
2024-07-16,565,0,117,0,0,0
2024-07-17,499,0,73,0,0,0
2024-07-18,211,0,36,0,0,0
2024-07-19,55,0,35,0,0,0
2024-07-20,48,0,34,0,0,0
2024-07-21,46,0,25,0,0,0
2024-07-22,733,0,60,0,0,0
2024-07-23,457,0,64,0,0,0
2024-07-24,444,0,33,0,0,0
2024-07-25,216,0,22,0,0,0
2024-07-26,483,0,38,0,0,0
2024-07-27,87,0,20,0,0,0
2024-07-28,434,0,25,0,0,0
2024-07-29,143,0,29,0,0,0
2024-07-30,192,0,31,0,0,0
2024-07-31,214,0,14,0,0,0
2024-08-01,12,0,11,0,0,0
2024-08-02,7,0,5,0,0,0
2024-08-03,724,0,39,0,0,0
2024-08-04,307,0,26,0,0,0
2024-08-05,69,0,30,0,0,0
2024-08-06,48,0,21,0,0,0
2024-08-07,28,0,16,0,0,0
2024-08-08,27,0,20,0,0,0
2024-08-09,20,0,13,0,0,0
2024-08-10,13,0,13,0,0,0
2024-08-11,11,0,10,0,0,0
2024-08-12,542,0,27,0,0,0
2024-08-13,91,0,24,0,0,0
2024-08-14,406,0,35,0,0,0
2024-08-15,338,0,19,0,0,0
2024-08-16,6,0,4,0,0,0
2024-08-17,5,0,5,0,0,0
2024-08-18,5,0,10,0,0,0
2024-08-19,14,0,21,0,0,0
2024-08-20,1432,0,59,0,0,28
2024-08-21,363,0,23,0,0,3
2024-08-22,11,0,16,0,0,0
2024-08-23,8,0,13,0,0,0
2024-08-24,94,0,15,0,0,0
2024-08-25,7,0,13,0,0,0
2024-08-26,9,0,11,0,0,0
2024-08-27,2,0,7,0,0,0
2024-08-28,7,0,22,0,0,0
2024-08-29,7,0,14,0,0,0
2024-08-30,6,0,12,0,0,0
2024-08-31,1347,0,44,0,0,0
2024-09-01,2470,0,57,0,0,0
2024-09-02,16,0,21,0,0,0
2024-09-03,11,0,8,0,0,0
2024-09-04,8,0,4,0,0,0
2024-09-05,15,0,13,0,0,0
2024-09-06,11,0,4,0,0,0
2024-09-07,12,0,10,0,0,0
2024-09-08,6,0,11,0,0,0
2024-09-09,12,0,15,0,0,0
2024-09-10,6,0,11,0,0,0
2024-09-11,4,0,8,0,0,0
2024-09-12,8,0,15,0,0,0
2024-09-13,4,0,6,0,0,0
2024-09-14,7,0,11,0,0,0
2024-09-15,9,0,12,0,0,0
2024-09-16,8,0,10,0,0,0
2024-09-17,11,0,16,0,0,0
2024-09-18,7,0,12,0,0,0
2024-09-19,15,0,11,0,0,0
2024-09-20,14,0,11,0,0,0
2024-09-21,772,0,105,0,0,0
2024-09-22,278,0,50,0,0,0
2024-09-23,135,0,39,0,0,0
2024-09-24,653,0,411,0,0,0
2024-09-25,393,0,36,0,0,0
2024-09-26,12,0,16,0,0,0
2024-09-27,185,0,15,0,0,0
2024-09-28,753,0,24,0,0,0
2024-09-29,13,0,19,0,0,0
2024-09-30,19,0,23,0,0,0
2024-10-01,11,0,15,0,0,0
2024-10-02,6,0,8,0,0,0
2024-10-03,16,0,7,0,0,0
2024-10-04,11,0,20,0,0,0
2024-10-05,11,0,15,0,0,0
2024-10-06,4,0,10,0,0,0
2024-10-07,11,0,7,0,0,0
2024-10-08,797,0,72,0,0,0
2024-10-09,88,0,21,0,0,0
2024-10-10,1171,0,99,0,0,0
2024-10-11,293,0,35,0,0,0
2024-10-12,716,0,59,0,0,0
2024-10-13,653,0,43,0,0,0
2024-10-14,153,0,18,0,0,0
2024-10-15,867,0,54,0,0,0
2024-10-16,125,0,19,0,0,0
2024-10-17,617,0,42,0,0,0
2024-10-18,108,0,19,0,0,0
2024-10-19,546,0,34,0,0,0
2024-10-20,154,0,11,0,0,0
2024-10-21,54,0,14,0,0,0
2024-10-22,542,0,34,0,0,0
2024-10-23,185,0,20,0,0,0
2024-10-24,753,0,39,0,0,0
2024-10-25,96,0,13,0,0,0
2024-10-26,497,0,34,0,0,0
2024-10-27,165,0,14,0,0,0
2024-10-28,53,0,27,0,0,0
2024-10-29,379,0,23,0,0,0
2024-10-30,189,0,19,0,0,0
2024-10-31,779,0,56,0,0,0
2024-11-01,115,0,12,0,0,0
2024-11-02,42,0,6,0,0,0
2024-11-03,37,0,15,0,0,0
2024-11-04,28,0,12,0,0,0
2024-11-05,711,0,23,0,0,0
2024-11-06,444,0,24,0,0,0
2024-11-07,720,0,43,0,0,0
2024-11-08,134,0,18,0,0,0
2024-11-09,33,0,4,0,0,0
2024-11-10,632,0,25,0,0,0
2024-11-11,283,0,9,0,0,0
2024-11-12,18,0,6,0,0,0
2024-11-13,14,0,10,0,0,0
2024-11-14,12,0,7,0,0,0
2024-11-15,8,0,11,0,0,0
2024-11-16,5,0,8,0,0,0
2024-11-17,10,0,11,0,0,0
2024-11-18,4,0,10,0,0,0
2024-11-19,11,0,4,0,0,0
2024-11-20,16,0,9,0,0,0
2024-11-21,12,0,6,0,0,0
2024-11-22,17,0,12,0,0,0
2024-11-23,6,0,7,0,0,0
2024-11-24,10,0,7,0,0,0
2024-11-25,8,0,11,0,0,0
2024-11-26,15,0,11,0,0,0
2024-11-27,11,0,6,0,0,0
2024-11-28,9,0,16,0,0,0
2024-11-29,10,0,22,0,0,0
2024-11-30,18,0,18,0,0,0
2024-12-01,1512,0,76,0,0,0
2024-12-02,1262,0,103,0,0,0
2024-12-03,1376,0,113,0,0,0
2024-12-04,1452,0,77,0,0,0
2024-12-05,90,0,17,0,0,0
2024-12-06,21,0,17,0,0,0
2024-12-07,19,0,19,0,0,0
2024-12-08,17,0,8,0,0,0
2024-12-09,365,0,11,0,0,0
2024-12-10,592,0,24,0,0,0
2024-12-11,312,0,30,0,0,0
2024-12-12,337,0,30,0,0,0
2024-12-13,190,0,22,0,0,0
2024-12-14,551,0,23,0,0,0
2024-12-15,23,0,12,0,0,0
2024-12-16,320,0,15,0,0,0
2024-12-17,563,0,37,0,0,0
2024-12-18,120,0,11,0,0,0
2024-12-19,9,0,13,0,0,0
2024-12-20,689,0,66,0,0,0
2024-12-21,343,0,32,0,0,0
2024-12-22,80,0,14,0,0,0
2024-12-23,763,0,22,0,0,0
2024-12-24,31,0,10,0,0,0
2024-12-25,654,0,10,0,0,0
2024-12-26,682,0,18,0,0,0
2024-12-27,627,0,18,0,0,0
2024-12-28,34,0,19,0,0,0
2024-12-29,18,0,12,0,0,0
2024-12-30,14,0,8,0,0,0
2024-12-31,7,0,4,0,0,0
2025-01-01,16,0,15,0,0,0
2025-01-02,13,0,7,0,0,0
2025-01-03,8,0,7,0,0,0
2025-01-04,638,0,28,0,0,0
2025-01-05,825,0,32,0,0,0
2025-01-06,308,0,13,0,0,0
2025-01-07,63,0,7,0,0,0
2025-01-08,754,0,36,0,0,0
2025-01-09,295,0,32,0,0,0
2025-01-10,70,0,12,0,0,0
2025-01-11,584,0,43,0,0,0
2025-01-12,209,0,10,0,0,0
2025-01-13,60,0,11,0,0,0
2025-01-14,25,0,6,0,0,0
2025-01-15,30,0,13,0,0,0
2025-01-16,42,0,13,0,0,0
2025-01-17,969,0,37,0,0,0
2025-01-18,118,0,14,0,0,0
2025-01-19,36,0,21,0,0,0
2025-01-20,19,0,10,0,0,0
2025-01-21,114,0,12,0,0,0
2025-01-22,27,0,16,0,0,0
2025-01-23,24,0,12,0,0,0
2025-01-24,41,0,51,0,0,0
2025-01-25,12,0,21,0,0,0
2025-01-26,21,0,19,0,0,0
2025-01-27,12,0,11,0,0,0
2025-01-28,16,0,9,0,0,0
2025-01-29,13,0,6,0,0,0
2025-01-30,19,0,15,0,0,0
2025-01-31,15,0,16,0,0,0
2025-02-01,18,0,11,0,0,0
2025-02-02,14,0,10,0,0,0
2025-02-03,15,0,24,0,0,0
2025-02-04,11,0,8,0,0,0
2025-02-05,13,0,11,0,0,0
2025-02-06,550,0,27,0,0,0
2025-02-07,1019,0,66,0,0,0
2025-02-08,362,0,27,0,0,0
2025-02-09,152,0,14,0,0,0
2025-02-10,44,0,9,0,0,0
2025-02-11,31,0,7,0,0,0
2025-02-12,373,0,19,0,0,0
2025-02-13,47,0,5,0,0,0
2025-02-14,23,0,15,0,0,0
2025-02-15,33,0,8,0,0,0
2025-02-16,24,0,12,0,0,0
2025-02-17,20,0,17,0,0,0
2025-02-18,14,0,14,0,0,0
2025-02-19,20,0,4,0,0,0
2025-02-20,21,0,9,0,0,0
2025-02-21,33,0,16,0,0,0
2025-02-22,25,0,13,1,0,0
2025-02-23,23,0,7,1,0,0
2025-02-24,20,0,17,1,0,0
2025-02-25,837,0,16,1,0,0
2025-02-26,202,0,14,0,0,0
2025-02-27,15,0,4,1,0,0
2025-02-28,22,0,13,0,0,0
2025-03-01,21,0,14,0,0,0
2025-03-02,329,0,70,3,0,0
2025-03-03,461,0,125,4,0,0
2025-03-04,13,0,17,1,0,0
2025-03-05,16,0,11,1,0,0
2025-03-06,13,0,8,0,0,0
2025-03-07,778,0,29,1,0,0
2025-03-08,165,0,15,1,0,0
2025-03-09,18,0,11,0,0,0
2025-03-10,17,0,12,0,0,0
2025-03-11,22,0,26,1,0,0
2025-03-12,20,0,28,0,0,0
2025-03-13,353,0,15,1,0,0
2025-03-14,163,0,10,2,0,0
2025-03-15,9,0,12,1,0,0
2025-03-16,18,0,14,1,0,0
2025-03-17,539,0,25,1,0,0
2025-03-18,100,0,13,0,0,0
2025-03-19,15,0,7,1,0,0
2025-03-20,12,0,7,2,0,0
2025-03-21,12,0,8,1,0,0
2025-03-22,15,0,12,2,0,0
2025-03-23,16,0,10,0,0,0
2025-03-24,7,0,8,0,0,0
2025-03-25,8,0,11,0,0,0
2025-03-26,11,0,11,0,0,0
2025-03-27,18,0,10,0,0,0
2025-03-28,9,0,7,0,0,0
2025-03-29,24,0,21,1,0,0
2025-03-30,15,0,8,2,0,0
2025-03-31,10,0,12,0,0,0
2025-04-01,27,0,39,0,0,0
2025-04-02,14,0,7,0,0,0
2025-04-03,7,0,9,0,0,0
2025-04-04,17,0,12,0,0,0
2025-04-05,13,0,8,1,0,0
2025-04-06,13,0,7,2,0,0
2025-04-07,19,0,11,0,0,0
2025-04-08,25,0,20,1,0,0
2025-04-09,623,0,37,2,0,0
2025-04-10,621,0,44,1,0,0
2025-04-11,350,0,48,2,0,0
2025-04-12,448,0,46,5,0,0
2025-04-13,34,0,25,1,0,0
2025-04-14,1127,0,49,1,0,0
2025-04-15,144,0,27,0,0,0
2025-04-16,30,0,16,1,0,0
2025-04-17,11,0,13,0,0,0
2025-04-18,904,0,122,0,0,0
2025-04-19,1044,0,60,0,0,0
2025-04-20,313,0,56,0,0,0
2025-04-21,5951,0,1096,112,0,0
2025-04-22,14883,0,3501,296,0,0
2025-04-23,43633,0,8979,742,0,0
2025-04-24,16852,0,3092,382,0,0
2025-04-25,18127,0,2662,389,0,0
2025-04-26,10033,0,1184,188,0,0
2025-04-27,9424,0,1012,132,0,0
2025-04-28,4795,0,570,78,0,0
2025-04-29,3041,0,370,50,0,0
2025-04-30,2988,0,430,51,0,0
2025-05-01,2678,0,315,57,0,0
2025-05-02,2573,0,287,35,0,0
2025-05-03,2210,0,259,24,0,0
2025-05-04,2757,0,336,32,0,0
2025-05-05,3989,0,649,59,0,0
2025-05-06,3235,0,469,67,0,0
2025-05-07,2170,0,294,42,0,0
2025-05-08,3764,0,321,37,0,0
2025-05-09,3072,0,299,28,0,0
2025-05-10,5833,0,348,48,0,0
2025-05-11,2204,0,288,32,0,0
2025-05-12,2715,0,460,42,0,0
2025-05-13,1716,0,271,33,0,0
2025-05-14,1279,0,188,27,0,0
2025-05-15,1360,0,188,23,0,0
2025-05-16,669,0,98,19,0,0
2025-05-17,1253,0,152,17,0,0
2025-05-18,1641,0,223,14,0,0
2025-05-19,671,0,135,8,0,0
2025-05-20,794,0,124,14,0,0
2025-05-21,473,0,95,16,0,0
2025-05-22,832,0,136,14,0,0
2025-05-23,457,0,85,17,0,0
2025-05-24,518,0,104,9,0,0
2025-05-25,681,0,73,7,0,0
2025-05-26,1503,0,113,13,0,0
2025-05-27,428,0,74,4,0,0
2025-05-28,254,0,59,9,0,0
2025-05-29,181,0,30,1,0,0
2025-05-30,215,0,54,4,0,0
2025-05-31,170,0,34,4,0,0
2025-06-01,237,0,75,7,0,0
2025-06-02,268,0,68,1,0,0
2025-06-03,202,0,55,3,0,0
2025-06-04,92,0,33,5,0,0
2025-06-05,70,0,22,1,0,0
2025-06-06,49,0,23,0,0,0
2025-06-07,49,0,34,1,0,0
2025-06-08,569,0,47,3,0,0
2025-06-09,1063,0,73,5,0,0
2025-06-10,159,0,32,2,0,0
2025-06-11,61,0,46,2,0,0
2025-06-12,33,0,28,3,0,0
2025-06-13,16,0,16,0,0,0
2025-06-14,18,0,14,1,0,0
2025-06-15,480,0,38,4,0,0
2025-06-16,141,0,19,2,0,0
2025-06-17,553,0,61,2,0,0
2025-06-18,1184,0,99,2,0,0
2025-06-19,26,0,16,0,0,0
2025-06-20,78,0,112,9,0,0
2025-06-21,65,0,110,6,0,0
2025-06-22,38,0,66,8,0,0
2025-06-23,479,0,65,1,0,0
2025-06-24,2528,0,196,6,0,0
2025-06-25,1006,0,93,3,0,0
2025-06-26,446,0,75,2,0,0
2025-06-27,1068,0,85,0,0,0
2025-06-28,67,0,23,4,0,0
2025-06-29,51,0,19,0,0,0
2025-06-30,65,0,30,2,0,0
2025-07-01,2167,0,168,1,0,0
2025-07-02,457,0,69,5,0,0
2025-07-03,198,0,42,3,0,0
2025-07-04,150,0,22,1,0,0
2025-07-05,118,0,21,2,0,0
2025-07-06,148,0,45,1,0,0
2025-07-07,150,0,34,2,0,0
2025-07-08,129,0,12,1,0,0
2025-07-09,1737,0,131,3,0,13
2025-07-10,603,0,57,3,0,1
2025-07-11,113,0,21,0,0,0
2025-07-12,76,0,20,0,0,0
2025-07-13,57,0,14,1,0,0
2025-07-14,1013,0,194,1,0,0
2025-07-15,917,0,104,2,0,0
2025-07-16,488,0,33,2,0,0
2025-07-17,129,0,23,4,0,0
2025-07-18,74,0,11,0,0,0
2025-07-19,40,0,15,0,0,0
2025-07-20,40,0,15,1,0,0
2025-07-21,35,0,15,0,0,0
2025-07-22,42,0,29,1,0,0
2025-07-23,242,0,16,1,0,0
2025-07-24,314,0,31,1,0,0
2025-07-25,98,0,8,2,0,0
2025-07-26,37,0,9,0,0,0
2025-07-27,23,0,15,2,0,0
2025-07-28,907,0,59,1,0,0
2025-07-29,328,0,63,3,0,0
2025-07-30,13,0,14,0,0,0
2025-07-31,1038,0,57,1,0,0
2025-08-01,1046,0,40,0,0,0
2025-08-02,151,0,20,2,0,0
2025-08-03,79,0,26,2,0,0
2025-08-04,49,0,30,2,0,0
2025-08-05,30,0,13,0,0,0
2025-08-06,36,0,14,2,0,0
2025-08-07,30,0,15,1,0,0
2025-08-08,857,0,28,2,0,8
2025-08-09,872,0,165,3,0,4
2025-08-10,1292,0,299,5,0,0
2025-08-11,1456,5960,133,5,71,0
2025-08-12,1198,8403,109,0,70,0
2025-08-13,1664,5230,113,4,60,0
2025-08-14,1818,10728,214,2,163,0
2025-08-15,1436,6347,127,6,105,0
2025-08-16,646,2746,71,2,33,0
2025-08-17,1610,3914,62,0,12,0
2025-08-18,681,4294,69,0,7,0
2025-08-19,923,3218,63,0,66,0
2025-08-20,969,5743,103,13,17,0
2025-08-21,1606,9743,182,2,109,0
2025-08-22,1418,6243,123,1,30,0
2025-08-23,940,2317,57,0,11,5
2025-08-24,250,1314,36,3,11,2
2025-08-25,133,496,15,1,6,0
2025-08-26,615,1358,34,1,7,0
2025-08-27,82,372,19,2,4,0
2025-08-28,1053,3339,71,4,60,0
2025-08-29,272,810,20,1,10,0
2025-08-30,95,686,15,1,6,0
2025-08-31,64,576,18,2,0,0
2025-09-01,1351,1583,14,1,3,0
2025-09-02,50,550,24,2,2,0
2025-09-03,175,501,16,0,6,0
2025-09-04,38,231,10,1,0,0
2025-09-05,25,404,15,1,0,0
2025-09-06,26,361,9,0,3,0
2025-09-07,27,244,14,2,1,0
2025-09-08,19,150,8,1,2,0
2025-09-09,17,249,12,0,0,0
2025-09-10,20,272,12,2,0,0
2025-09-11,28,364,13,1,1,0
2025-09-12,19,476,13,2,0,0
2025-09-13,9,60,3,1,0,0
2025-09-14,5,69,6,0,0,0
2025-09-15,378,556,6,1,1,0
2025-09-16,350,756,19,2,3,0
2025-09-17,53,329,11,1,1,0
2025-09-18,75,227,11,3,0,0
2025-09-19,130,427,15,1,0,0
2025-09-20,1096,3487,69,1,0,0
2025-09-21,15,208,10,0,0,0
2025-09-22,12,247,12,1,0,0
2025-09-23,86,299,12,1,1,0
2025-09-24,730,12857,240,1,18,0
2025-09-25,1049,4666,109,3,100,0
2025-09-26,616,1867,47,1,30,0
2025-09-27,1220,3482,57,0,58,0
2025-09-28,800,2099,29,0,17,0
2025-09-29,1857,3914,69,1,83,0
2025-09-30,555,1414,33,2,10,0
2025-10-01,470,1147,17,1,9,0
2025-10-02,94,330,12,0,1,0
2025-10-03,66,340,13,2,3,0
2025-10-04,75,428,11,2,1,0
2025-10-05,958,3285,40,1,5,0
2025-10-06,199,678,12,2,7,0
2025-10-07,440,668,7,1,1,0
2025-10-08,316,714,21,0,4,0
2025-10-09,959,1359,8,0,9,0
2025-10-10,1013,3247,18,0,3,0
2025-10-11,56,317,9,1,0,0
2025-10-12,24,132,6,0,0,0
2025-10-13,22,186,7,0,1,0
2025-10-14,11,259,5,1,0,0
2025-10-15,14,173,9,1,0,0
2025-10-16,19,270,9,1,0,0
2025-10-17,17,112,6,1,0,0
2025-10-18,6,128,6,0,0,0
2025-10-19,20,192,10,1,0,0
2025-10-20,19,299,9,1,1,0
2025-10-21,18,195,5,0,0,0
2025-10-22,10,103,9,0,0,0
2025-10-23,12,83,4,2,0,0
2025-10-24,105,385,9,1,0,0
2025-10-25,30,141,7,0,0,0
2025-10-26,9,88,7,1,0,0
2025-10-27,14,70,4,1,0,0
2025-10-28,10,132,5,0,0,0
2025-10-29,20,207,10,2,3,0
2025-10-30,13,241,8,1,0,0
2025-10-31,8,90,6,0,0,0
2025-11-01,1098,2083,12,2,5,0
2025-11-02,1434,2433,20,1,1,0
2025-11-03,49,348,9,1,0,0
2025-11-04,14,318,9,0,0,0
2025-11-05,773,1257,17,2,3,0
2025-11-06,33,150,6,2,0,0
2025-11-07,6,59,4,1,0,0
2025-11-08,7,201,9,0,0,0
2025-11-09,10,177,9,1,1,0
2025-11-10,998,1815,20,0,3,0
2025-11-11,194,301,4,1,0,0
2025-11-12,11,237,10,1,0,0
2025-11-13,489,1323,27,0,6,0
2025-11-14,200,420,7,1,0,0
2025-11-15,8,300,16,1,0,0
2025-11-16,9,221,9,1,0,0
2025-11-17,896,3012,51,3,8,0
2025-11-18,714,1699,16,0,1,0
2025-11-19,22,566,17,2,2,0
2025-11-20,431,937,15,1,3,0
2025-11-21,40,376,7,1,0,0
2025-11-22,14,427,15,1,0,0
2025-11-23,5,154,6,2,0,0
2025-11-24,57,259,12,1,1,0
2025-11-25,620,928,6,1,2,0
2025-11-26,8,352,9,1,0,0
2025-11-27,10,200,8,3,1,0
2025-11-28,15,137,4,2,0,0
2025-11-29,105,373,7,1,0,0
2025-11-30,15,153,6,0,-1,0
2025-12-01,12,222,9,1,1,0
2025-12-02,5,78,5,0,-1,0
2025-12-03,8,168,6,1,0,0
2025-12-04,13,224,10,0,0,0
2025-12-05,279,546,7,0,0,0
2025-12-06,584,862,7,0,1,0
2025-12-07,676,1934,22,0,2,0
2025-12-08,280,867,13,1,0,0
2025-12-09,39,272,8,1,0,0
2025-12-10,11,105,7,0,0,0
2025-12-11,389,1736,24,0,10,0
2025-12-12,474,955,15,0,8,0
2025-12-13,85,263,4,1,1,0
2025-12-14,35,84,6,0,0,0
2025-12-15,84,176,9,0,0,0
2025-12-16,13,216,7,0,1,0
2025-12-17,923,1463,24,0,1,0
2025-12-18,337,837,12,3,0,0
2025-12-19,58,181,5,2,0,0
2025-12-20,15,79,8,0,0,0
2025-12-21,653,2660,25,0,7,0
2025-12-22,704,1421,14,1,5,0
2025-12-23,52,106,8,0,0,0
2025-12-24,337,610,10,3,0,0
2025-12-25,1292,2596,37,1,65,0
2025-12-26,1071,1275,17,1,64,0
2025-12-27,76,216,6,1,0,0
2025-12-28,583,871,15,1,6,0
2025-12-29,212,387,20,0,0,0
2025-12-30,28,81,6,1,1,0
2025-12-31,632,2481,25,1,122,0
2026-01-01,131,459,7,1,8,0
2026-01-02,70,284,9,1,5,0
2026-01-03,48,135,8,2,4,0
2026-01-04,731,1700,25,0,6,0
2026-01-05,1404,3487,63,0,86,0
2026-01-06,295,578,19,2,9,0
2026-01-07,99,242,14,1,3,0
2026-01-08,54,142,13,2,4,0
2026-01-09,44,101,9,1,0,0
2026-01-10,20,51,4,0,0,0
2026-01-11,77,211,10,1,10,0
2026-01-12,662,1489,31,0,49,0
2026-01-13,1339,1746,22,1,114,0
2026-01-14,449,716,16,0,4,0
2026-01-15,70,130,12,0,3,0
2026-01-16,41,83,7,1,1,0
2026-01-17,591,1092,46,2,3,0
2026-01-18,556,793,21,1,1,0
2026-01-19,625,1338,37,1,48,0
2026-01-20,165,342,25,1,11,0
2026-01-21,2507,3615,30,0,183,0
2026-01-22,126,255,10,1,7,0
2026-01-23,170,375,16,1,4,0
2026-01-24,617,939,31,3,4,0
2026-01-25,70,174,19,0,2,0
2026-01-26,721,1557,22,1,44,0
2026-01-27,186,325,13,1,5,0
2026-01-28,82,137,9,1,2,0
2026-01-29,577,999,11,2,3,0
2026-01-30,251,439,14,1,4,0
2026-01-31,47,161,8,0,0,0
2026-02-01,1003,2630,37,2,77,0
2026-02-02,1432,2777,29,3,49,0
2026-02-03,823,1574,25,0,66,0
2026-02-04,497,727,17,0,16,0
2026-02-05,837,2293,41,1,49,0
2026-02-06,324,634,18,1,16,0
2026-02-07,654,1407,31,2,18,0
2026-02-08,300,572,13,0,10,0
2026-02-09,743,1459,36,1,48,0
2026-02-10,277,545,19,0,15,0
2026-02-11,619,1513,27,2,37,6
2026-02-12,377,691,13,0,16,1
2026-02-13,1464,4399,93,4,81,6
2026-02-14,996,2699,38,1,44,2
2026-02-15,1394,4162,48,1,59,0
2026-02-16,460,842,29,0,14,0
2026-02-17,223,371,13,0,6,0
2026-02-18,67,197,12,0,11,0
2026-02-19,778,1688,25,1,41,0
2026-02-20,378,703,27,1,8,0
2026-02-21,157,303,5,0,1,0
2026-02-22,84,235,14,1,3,0
2026-02-23,57,110,4,1,2,0
2026-02-24,50,89,2,0,2,0
2026-02-25,539,1126,23,2,35,0
2026-02-26,192,409,13,0,9,0
2026-02-27,84,187,12,0,5,0
2026-02-28,79,218,14,0,-1,0
2026-03-01,38,70,7,0,0,0
